"matchId","editionTitle","snappySummary","talkingPoints","randomQuirk"
"PAR_TUR","THE SWEAR-O-METER DISASTER","An absolute circus. Almiron got sent off within forty minutes for swearing at the ref. Paraguay held on for a chaotic 1-0 win.","Galarza scores the opener in 64 seconds;Almiron's red card completely derailed Türkiye's defensive blueprint;Paraguay's physical display ran the clock down effectively","Almiron covering his mouth to swear at the referee, only to get caught by high-definition cameras."
"SCO_MAR","THE MOROCCAN OVERHEAD BEAUTY","Morocco danced through the Scottish midfield and claimed a deserved 2-1 victory. Scotland's late surge was too little, too late.","Morocco's liquid football carved open the Scottish double-decker bus;Conceded to an overhead kick that defied all laws of Scottish gravity;Morocco's defense stood tall under late aerial pressure","A Scottish fan in a kilt spotted reading a tactical guidebook upside-down in the 88th minute."
"USA_AUS","THE STAR-SPANGLED SWAGGER","The USA cruised to a 3-0 victory over Australia. The Socceroos looked like they were having a casual kickabout in the park.","Pulisic was a walking cheat code, scoring two and assisting one;Australia completely bottled it in possession, committing 18 turnovers;The high press from the Americans left Australia gasping for air","An Australian defender trying to clear the ball, only to kick it directly into his own teammate's face."
"BRA_HAI","THE SAMBA EXCURSION","Brazil dominated Haiti 5-0 in a match that felt like a training session. Vinicius Jr scored a hat-trick of pure class.","Vinicius Jr put on a show with three goals and endless flair;Haiti's Sunday League defending conceded three goals from simple corners;Brazil hit the post three times, preventing an even bigger scoreline","A Haitian defender asking Vinicius Jr to swap shirts during a water break in the 30th minute."
"NED-SWE","Dutch Delight, Swedish Nightmare","The Netherlands put on an absolute clinic, tearing Sweden to shreds with five goals, leaving the Swedes looking like they'd forgotten how to defend. A proper thumping!","Brian Brobbey and Cody Gakpo both bagging a brace? Talk about liquid football! They were absolutely unplayable.;Denzel Dumfries, with two assists, was flying down that wing like a man possessed. What a performance!;Sweden's defending was more 'Sunday League' than 'World Cup'. Three yellow cards and conceding five? Woeful.;Despite the scoreline, Sweden actually had more shots and shots on target. Just goes to show, it's about putting them away, isn't it?","Sweden managed to rack up three yellow cards, proving that if you can't beat 'em, at least try to kick 'em. Classy."
"GER-CIV","Germany's Great Escape: Undav to the Rescue!","Germany snatched a dramatic late victory against a spirited Côte d'Ivoire, with Deniz Undav proving to be the hero, bagging a brace including a last-gasp winner. Squeaky bum time for the Germans!","Franck Kessie's opener for Côte d'Ivoire had Germany rattled, but they showed real character to come back.;Deniz Undav, coming off the bench, turned into a walking cheat code, scoring both goals to save Germany's blushes.;Côte d'Ivoire's keeper, Yahia Fofana, was a busy man, making five saves and keeping them in it for so long.;Germany's 59.5% possession and 16 shots show they dominated, but it took them until the dying embers to secure the win.","Germany had three substitutions at the 60-minute mark, a clear sign the gaffer wasn't happy and threw the kitchen sink at it. It paid off, didn't it?"
"ECU-CUW","The Goalless Snoozefest: Ecuador and Curaçao Share the Spoils (and the Blame)","A truly forgettable affair saw Ecuador and Curaçao play out a drab 0-0 draw. Ecuador had all the ball and all the shots, but couldn't hit a barn door, while Curaçao's keeper was an absolute hero.","Ecuador had a staggering 74.6% possession and 27 shots, with 15 on target, yet somehow failed to score. You'd think they were having a casual kickabout in the park!;Eloy Room, Curaçao's goalkeeper, put in an absolute shift, making a ridiculous 15 saves. He was a brick wall!;Curaçao picked up five yellow cards, clearly frustrated by Ecuador's inability to finish, or perhaps just by the sheer boredom of it all.;Both teams managed to avoid scoring despite a combined 37 shots. Clinical finishing? Never heard of it, mate.","Curaçao's five yellow cards were almost as numerous as their shots on target (3). At least they were trying to make an impression, eh?"
"TUN-JPN","World Cup 2026 Group Stage","Japan put on a clinical display, dispatching Tunisia with a resounding 4-0 victory, leaving the Tunisians with absolutely nothing to show for their efforts.","Japan's attack was absolutely ruthless, converting 5 shots on target into 4 goals. That's liquid football, that is!;Tunisia, bless 'em, managed a grand total of zero shots on target. You can't score if you don't hit the target, can you? It was like watching a casual kickabout in the park.;The substitutions for Japan seemed to inject even more life, with Ayase Ueda bagging a second goal after some fresh legs came on. Smart management, that.","Tunisia's passing accuracy was listed at a rather optimistic 8%, which makes you wonder if they were aiming for the opposition fans in the stands rather than their own players."
"ESP-KSA","World Cup 2026 Group Stage","Spain made light work of Saudi Arabia, cruising to a 4-0 win with an own goal thrown in for good measure, confirming their spot in the next round.","Spain were absolutely dominant, with 67.1% possession and a whopping 22 shots. It was a training exercise for them, really.;Mikel Oyarzabal was a man possessed, bagging two goals and an assist. He was running riot in that Saudi defence, who looked like they were playing Sunday League.;Saudi Arabia's day was summed up by an unfortunate own goal from Hassan Al Tambakti. You just hate to see it, unless you're a neutral, then it's hilarious.","Saudi Arabia's goalkeeper, Mohammed Al-Owais, made 5 saves, which sounds impressive until you remember they still conceded four goals and had an own goal. Poor bloke was left exposed."
"BEL-IRN","World Cup 2026 Group Stage","Belgium's 'Golden Generation' completely bottled it against a resolute Iran, drawing 0-0 and crashing out of the tournament in a truly dismal fashion.","Belgium had 70.1% possession and 23 shots, with 7 on target, yet couldn't find the back of the net. They couldn't hit a cow's backside with a banjo, could they?;Nathan Ngoy's red card for Belgium just compounded their misery. An early bath for him, and for the entire Belgian squad, it seems.;Iran's Alireza Beiranvand was a brick wall in goal, making 7 saves to keep Belgium at bay. He earned his clean sheet, unlike Belgium's attack who earned a trip home.","Despite having 70.1% possession, Belgium managed to clear the ball 11 times, while Iran, with only 29.9% possession, had a staggering 51 clearances. Shows you who was actually under pressure, doesn't it?"
"URU-CPV","World Cup 2026 Group Stage","Uruguay and Cabo Verde played out an entertaining 2-2 draw, with both sides showing flashes of brilliance and moments of defensive generosity.","Cabo Verde took the lead with a cracking free-kick from Kevin Pina. You love to see a set-piece special, don't you?;Uruguay showed some fighting spirit, coming back from a goal down twice, with Maxi Araújo and Agustín Canobbio getting on the scoresheet.;Cabo Verde's Hélio Varela came off the bench and scored a beauty from outside the box. Talk about an impact sub!","Uruguay had 11 corners to Cabo Verde's 4, but only managed to score one header from very close range. You'd think with all that practice they'd be a bit more clinical from set pieces."
"NZL-EGY","World Cup 2026 Group Stage","Egypt came from behind to beat New Zealand 3-1, with Mohamed Salah leading the charge and ensuring his team's progression.","New Zealand actually took the lead with a Finn Surman header, giving their fans a moment of genuine hope. Bless their cotton socks.;Mohamed Salah was the walking cheat code for Egypt, bagging a goal and an assist. When he's on form, there's just no stopping him.;Egypt's substitutions proved effective, with Trezeguet coming on to score a header and seal the win. That's how you use your bench, folks!","New Zealand picked up two yellow cards for 'bad fouls'. Clearly, they decided if they couldn't win with skill, they'd try a bit of the old agricultural stuff."
